null_rank_le,trace_stat,trace_crit_90,trace_crit_95,trace_crit_99,trace_rejects_5pct,max_eig_stat,max_eig_crit_90,max_eig_crit_95,max_eig_crit_99,max_eig_rejects_5pct
0,11.436290309466152,13.4294,15.4943,19.9349,False,10.812905371062682,12.2971,14.2639,18.52,False
1,0.6233849384034719,2.7055,3.8415,6.6349,False,0.6233849384034719,2.7055,3.8415,6.6349,False
