dependent,regressor,coef,std_err,t_stat,p_value,ci_low_95,ci_high_95
co2,const,-35.611128325075015,0.8306060405304643,-42.87366884826899,4.168385071276748e-295,-37.23995016333512,-33.982306486814906
co2,proxy,1.8601702479371918,0.004113067714681191,452.2586003866401,0.0,1.8521045053480376,1.868235990526346
proxy,const,21.158693229676146,0.39978494834443046,52.92518719701048,0.0,20.374713312969515,21.942673146382777
proxy,co2,0.5316536179919868,0.0011755522560266544,452.2586003866528,0.0,0.5293483552161355,0.5339588807678382
