variable,adf_stat,adf_pvalue,adf_says_stationary_5pct,kpss_stat,kpss_pvalue,kpss_says_stationary_5pct
co2,0.03378459745825781,0.9612384528286101,False,7.64907617747575,0.01,False
proxy,-0.11169690698558475,0.9482609414442527,False,7.583480217091089,0.01,False
