dependent,regressor,VIF
co2,proxy,0.9999999999999998
proxy,co2,0.9999999999999998
